שם_עסק,קטגוריה,טלפון,אתר,עיר,רחוב,מיקוד,דירוג,מספר_ביקורות,מונח_חיפוש,קישור_Google_Maps
Liannail barava,מכון יופי,+972 52-790-0227,,יהל,בית ראשון במולדת,,,,מכון קוסמטיקה,https://www.google.com/maps/search/?api=1&query=Liannail%20barava&query_place_id=ChIJT_t7SgGpARURimcF2Vc8Ziw
קרנית מלמד - המרכז לטיפולי קוסמטיקה רפואית,מכון יופי,+972 3-523-8787,http://www.karnitmelamed.com/,תל אביב-יפו,מאפו 18,,4.5,192,מכון קוסמטיקה,https://www.google.com/maps/search/?api=1&query=%D7%A7%D7%A8%D7%A0%D7%99%D7%AA%20%D7%9E%D7%9C%D7%9E%D7%93%20-%20%D7%94%D7%9E%D7%A8%D7%9B%D7%96%20%D7%9C%D7%98%D7%99%D7%A4%D7%95%D7%9C%D7%99%20%D7%A7%D7%95%D7%A1%D7%9E%D7%98%D7%99%D7%A7%D7%94%20%D7%A8%D7%A4%D7%95%D7%90%D7%99%D7%AA&query_place_id=ChIJO-H4Xj1NHRUR3H6FS9PCYAY
מכון יופי | Hei5 Beauty Salon,מכון יופי,+972 54-987-8340,https://www.instagram.com/hei5_beautysalon?stkn=eTA1eGQxb3Vnamli,ירושלים,שדרות הרצל 60,9614112,4.9,55,מכון קוסמטיקה,https://www.google.com/maps/search/?api=1&query=%D7%9E%D7%9B%D7%95%D7%9F%20%D7%99%D7%95%D7%A4%D7%99%20%7C%20Hei5%20Beauty%20Salon&query_place_id=ChIJeyZsBDTXAhURAbnLAfpC3ds
Infinite beauty spa - אינפינטי ביוטי ספא אילת,מכון יופי,+972 54-529-9935,https://www.booking.com/Share-FOQIaR4,אילת,Mish'ol Einav 6,,5,10,מכון קוסמטיקה,https://www.google.com/maps/search/?api=1&query=Infinite%20beauty%20spa%20-%20%D7%90%D7%99%D7%A0%D7%A4%D7%99%D7%A0%D7%98%D7%99%20%D7%91%D7%99%D7%95%D7%98%D7%99%20%D7%A1%D7%A4%D7%90%20%D7%90%D7%99%D7%9C%D7%AA&query_place_id=ChIJ-8MTawBzABURvKKacB-jfLQ
חוה זינגבוים מוצרים - אבישג קוסמטיקס,קוסמטיקאית,+972 52-202-7087,https://avishagcosmetics.co.il/,שדה ניצן,,8547000,5,136,מכון קוסמטיקה,https://www.google.com/maps/search/?api=1&query=%D7%97%D7%95%D7%94%20%D7%96%D7%99%D7%A0%D7%92%D7%91%D7%95%D7%99%D7%9D%20%D7%9E%D7%95%D7%A6%D7%A8%D7%99%D7%9D%20-%20%D7%90%D7%91%D7%99%D7%A9%D7%92%20%D7%A7%D7%95%D7%A1%D7%9E%D7%98%D7%99%D7%A7%D7%A1&query_place_id=ChIJsR83cumN_RQRFFnQmzpJJUU
מכון יופי שוש,מכון יופי,+972 72-393-4239,http://www.shosh-y.com/,באר שבע,אהוד בן גרא 3,,4.9,10,מכון קוסמטיקה,https://www.google.com/maps/search/?api=1&query=%D7%9E%D7%9B%D7%95%D7%9F%20%D7%99%D7%95%D7%A4%D7%99%20%D7%A9%D7%95%D7%A9&query_place_id=ChIJIRqWZg9mAhURuzaTfIU8PVw
מכון יופי יהודית,קליניקה לטיפוח העור,+972 3-952-1765,https://www.yudithacmon.co.il/,ראשון לציון,מבצע אביב נעורים 5,,4.8,25,מכון קוסמטיקה,https://www.google.com/maps/search/?api=1&query=%D7%9E%D7%9B%D7%95%D7%9F%20%D7%99%D7%95%D7%A4%D7%99%20%D7%99%D7%94%D7%95%D7%93%D7%99%D7%AA&query_place_id=ChIJl4mCOni0AhUR4gX4g-6DpG0
Liberty beauty - עיצוב והרמת גבות וריסים,מכון יופי,+972 52-533-3572,https://www.instagram.com/gal_ohayon_liber?stkn=bWl4dDNzbm9jbDJh,אילת,התקווה 38,8818012,5,4,מכון קוסמטיקה,https://www.google.com/maps/search/?api=1&query=Liberty%20beauty%20-%20%D7%A2%D7%99%D7%A6%D7%95%D7%91%20%D7%95%D7%94%D7%A8%D7%9E%D7%AA%20%D7%92%D7%91%D7%95%D7%AA%20%D7%95%D7%A8%D7%99%D7%A1%D7%99%D7%9D&query_place_id=ChIJHRWZrcFzABURedC-5N8blcA
איילת רפאל | מכון יופי וקוסמטיקה מתקדמת בבית שמש,מכון יופי,+972 55-951-8697,https://ayelet-refael.r-code.co.il/,בית שמש,"רמה ד, ריש לקיש 28",,5,2,מכון קוסמטיקה,https://www.google.com/maps/search/?api=1&query=%D7%90%D7%99%D7%99%D7%9C%D7%AA%20%D7%A8%D7%A4%D7%90%D7%9C%20%7C%20%D7%9E%D7%9B%D7%95%D7%9F%20%D7%99%D7%95%D7%A4%D7%99%20%D7%95%D7%A7%D7%95%D7%A1%D7%9E%D7%98%D7%99%D7%A7%D7%94%20%D7%9E%D7%AA%D7%A7%D7%93%D7%9E%D7%AA%20%D7%91%D7%91%D7%99%D7%AA%20%D7%A9%D7%9E%D7%A9&query_place_id=ChIJkS15mMfDAhURtBWm8DPE5T4
מכון קוסמטיקה אסנת,מכון יופי,+972 50-732-5444,http://osnat-cosmetics.com/,באר שבע,משה קהירי 5,,5,4,מכון קוסמטיקה,https://www.google.com/maps/search/?api=1&query=%D7%9E%D7%9B%D7%95%D7%9F%20%D7%A7%D7%95%D7%A1%D7%9E%D7%98%D7%99%D7%A7%D7%94%20%D7%90%D7%A1%D7%A0%D7%AA&query_place_id=ChIJC55PcuRlAhURYNUVfe2u0Bw
היהלום שבכתר מכון קוסמטיקה,מכון יופי,+972 50-839-0871,,הוד השרון,דרך רמתיים 69,,5,44,מכון קוסמטיקה,https://www.google.com/maps/search/?api=1&query=%D7%94%D7%99%D7%94%D7%9C%D7%95%D7%9D%20%D7%A9%D7%91%D7%9B%D7%AA%D7%A8%20%D7%9E%D7%9B%D7%95%D7%9F%20%D7%A7%D7%95%D7%A1%D7%9E%D7%98%D7%99%D7%A7%D7%94&query_place_id=ChIJqwNp-Cc4HRURce-D3xOdEBg
קוסמטיקה רפואית ריקי,מכון יופי,,,אילת,,,5,1,מכון קוסמטיקה,https://www.google.com/maps/search/?api=1&query=%D7%A7%D7%95%D7%A1%D7%9E%D7%98%D7%99%D7%A7%D7%94%20%D7%A8%D7%A4%D7%95%D7%90%D7%99%D7%AA%20%D7%A8%D7%99%D7%A7%D7%99&query_place_id=ChIJeYtqUQBuABURrrFIpTHobaM
יערה קוסמטיקה וטיפוח היופי - טיפולים ומוצרים חדשניים,מכון יופי,+972 50-693-7702,https://yaaracosmetic.com/,אשקלון,"חנות 7 בשדרת החנויות, אלי כהן 42",7871808,4.9,38,מכון קוסמטיקה,https://www.google.com/maps/search/?api=1&query=%D7%99%D7%A2%D7%A8%D7%94%20%D7%A7%D7%95%D7%A1%D7%9E%D7%98%D7%99%D7%A7%D7%94%20%D7%95%D7%98%D7%99%D7%A4%D7%95%D7%97%20%D7%94%D7%99%D7%95%D7%A4%D7%99%20-%20%D7%98%D7%99%D7%A4%D7%95%D7%9C%D7%99%D7%9D%20%D7%95%D7%9E%D7%95%D7%A6%D7%A8%D7%99%D7%9D%20%D7%97%D7%93%D7%A9%D7%A0%D7%99%D7%99%D7%9D&query_place_id=ChIJ651p2mucAhURrCreTYVlg4s
אלכסנדרה - מכון קוסמטיקה וטיפולי פלזמה,תעשיית הקוסמטיקה,+972 54-746-0477,,אשדוד,המתנדבים 5/1,7745105,5,1,מכון קוסמטיקה,https://www.google.com/maps/search/?api=1&query=%D7%90%D7%9C%D7%9B%D7%A1%D7%A0%D7%93%D7%A8%D7%94%20-%20%D7%9E%D7%9B%D7%95%D7%9F%20%D7%A7%D7%95%D7%A1%D7%9E%D7%98%D7%99%D7%A7%D7%94%20%D7%95%D7%98%D7%99%D7%A4%D7%95%D7%9C%D7%99%20%D7%A4%D7%9C%D7%96%D7%9E%D7%94&query_place_id=ChIJFUEmwr2jAhURgMT_sRatLp8
יו אונלי - u only מכון קוסמטיקה,מכון יופי,+972 3-635-5548,,רמת גן,ישעיהו 24,,4.9,12,מכון קוסמטיקה,https://www.google.com/maps/search/?api=1&query=%D7%99%D7%95%20%D7%90%D7%95%D7%A0%D7%9C%D7%99%20-%20u%20only%20%D7%9E%D7%9B%D7%95%D7%9F%20%D7%A7%D7%95%D7%A1%D7%9E%D7%98%D7%99%D7%A7%D7%94&query_place_id=ChIJVatL7v1KHRURePDIhkLDSSA
נלי קציר קוסמטיקה,מכון יופי,+972 53-330-0121,http://www.ntahara.co.il/,באר שבע,הרב הרצוג 26,,4.7,20,מכון קוסמטיקה,https://www.google.com/maps/search/?api=1&query=%D7%A0%D7%9C%D7%99%20%D7%A7%D7%A6%D7%99%D7%A8%20%D7%A7%D7%95%D7%A1%D7%9E%D7%98%D7%99%D7%A7%D7%94&query_place_id=ChIJ1RtzxOdlAhURXem2mavfgi0
פרסי קוסמטיקה - ירושלים,קליניקה לטיפוח העור,+972 72-220-3338,http://www.perssi.co.il/,ירושלים,אחד העם 12,,4.7,45,מכון קוסמטיקה,https://www.google.com/maps/search/?api=1&query=%D7%A4%D7%A8%D7%A1%D7%99%20%D7%A7%D7%95%D7%A1%D7%9E%D7%98%D7%99%D7%A7%D7%94%20-%20%D7%99%D7%A8%D7%95%D7%A9%D7%9C%D7%99%D7%9D&query_place_id=ChIJvbUYPycoAxURPp-lGO5I4BQ
עומרית ביוטי ליין - מכון קוסמטיקה Omrit Beauty Line,מכון יופי,+972 50-866-9427,,אילת,שדרות ששת הימים 2110,8821512,5,34,מכון קוסמטיקה,https://www.google.com/maps/search/?api=1&query=%D7%A2%D7%95%D7%9E%D7%A8%D7%99%D7%AA%20%D7%91%D7%99%D7%95%D7%98%D7%99%20%D7%9C%D7%99%D7%99%D7%9F%20-%20%D7%9E%D7%9B%D7%95%D7%9F%20%D7%A7%D7%95%D7%A1%D7%9E%D7%98%D7%99%D7%A7%D7%94%20Omrit%20Beauty%20Line&query_place_id=ChIJ1UuRd5tzABURtUCorptDJdQ
מכון יופי - נייל בר קניון הראל מבשרת ציון,מכון יופי,+972 73-728-1119,https://www.nailbar-mevaseretzion.com/,מבשרת ציון,הראל 1,,4.1,142,מכון קוסמטיקה,https://www.google.com/maps/search/?api=1&query=%D7%9E%D7%9B%D7%95%D7%9F%20%D7%99%D7%95%D7%A4%D7%99%20-%20%D7%A0%D7%99%D7%99%D7%9C%20%D7%91%D7%A8%20%D7%A7%D7%A0%D7%99%D7%95%D7%9F%20%D7%94%D7%A8%D7%90%D7%9C%20%D7%9E%D7%91%D7%A9%D7%A8%D7%AA%20%D7%A6%D7%99%D7%95%D7%9F&query_place_id=ChIJ4fWXn-DWAhURQT26BHW4SK4
אדוה סער מטפלת ברפואה סינית ודיקור אסתטי,מרפאה לרפואה סינית,+972 54-446-7956,https://did.li/Adva-saar,אליפז,,8881200,5,2,קליניקת יופי,https://www.google.com/maps/search/?api=1&query=%D7%90%D7%93%D7%95%D7%94%20%D7%A1%D7%A2%D7%A8%20%D7%9E%D7%98%D7%A4%D7%9C%D7%AA%20%D7%91%D7%A8%D7%A4%D7%95%D7%90%D7%94%20%D7%A1%D7%99%D7%A0%D7%99%D7%AA%20%D7%95%D7%93%D7%99%D7%A7%D7%95%D7%A8%20%D7%90%D7%A1%D7%AA%D7%98%D7%99&query_place_id=ChIJJ-kLOrFFABURLljfmhPeUrE
רוז קליניק - הסרת שיער | טיפולי פנים | הצרת היקפים,מכון יופי,+972 54-472-6160,http://rose-c.co.il/,באר שבע,האבות 44,,4.8,90,קליניקת יופי,https://www.google.com/maps/search/?api=1&query=%D7%A8%D7%95%D7%96%20%D7%A7%D7%9C%D7%99%D7%A0%D7%99%D7%A7%20-%20%D7%94%D7%A1%D7%A8%D7%AA%20%D7%A9%D7%99%D7%A2%D7%A8%20%7C%20%D7%98%D7%99%D7%A4%D7%95%D7%9C%D7%99%20%D7%A4%D7%A0%D7%99%D7%9D%20%7C%20%D7%94%D7%A6%D7%A8%D7%AA%20%D7%94%D7%99%D7%A7%D7%A4%D7%99%D7%9D&query_place_id=ChIJWTL7Yt1nAhURlJJHWH4-82Q
חורי קליניקת יופי ולייזר,שירות הסרת שיער בלייזר,+972 52-816-5109,,נתיבות,אשל 33,8782133,4.9,46,קליניקת יופי,https://www.google.com/maps/search/?api=1&query=%D7%97%D7%95%D7%A8%D7%99%20%D7%A7%D7%9C%D7%99%D7%A0%D7%99%D7%A7%D7%AA%20%D7%99%D7%95%D7%A4%D7%99%20%D7%95%D7%9C%D7%99%D7%99%D7%96%D7%A8&query_place_id=ChIJNTTDrdN_AhUR0A6tJaH018Q
ד״ר תמימי קליניק - טיפולי אסתטיקה ויופי,קליניקה לטיפוח העור,+972 50-694-7788,,אילת,שדרות התמרים 2,88000,5,18,קליניקת יופי,https://www.google.com/maps/search/?api=1&query=%D7%93%D7%B4%D7%A8%20%D7%AA%D7%9E%D7%99%D7%9E%D7%99%20%D7%A7%D7%9C%D7%99%D7%A0%D7%99%D7%A7%20-%20%D7%98%D7%99%D7%A4%D7%95%D7%9C%D7%99%20%D7%90%D7%A1%D7%AA%D7%98%D7%99%D7%A7%D7%94%20%D7%95%D7%99%D7%95%D7%A4%D7%99&query_place_id=ChIJdy1UfJ1zABURGBxGjeGwkAY
קליניקה TOP | קוסמטיקאית | יופי ואנטי אייג'ינג,מכון יופי,+972 3-740-4555,https://top.co.il/,קרית אונו,ירושלים 39,5542339,5,78,קליניקת יופי,https://www.google.com/maps/search/?api=1&query=%D7%A7%D7%9C%D7%99%D7%A0%D7%99%D7%A7%D7%94%20TOP%20%7C%20%D7%A7%D7%95%D7%A1%D7%9E%D7%98%D7%99%D7%A7%D7%90%D7%99%D7%AA%20%7C%20%D7%99%D7%95%D7%A4%D7%99%20%D7%95%D7%90%D7%A0%D7%98%D7%99%20%D7%90%D7%99%D7%99%D7%92'%D7%99%D7%A0%D7%92&query_place_id=ChIJBSxis-c1HRUREhzVMotYjnU
ביוטי קליניק סניף באר שבע,קליניקה לטיפוח העור,+972 77-956-3751,https://beauty-clinic.co.il/,באר שבע,"עופר גרנד קניון, שדרות דוד טוביהו 125",8424351,5,15,קליניקת יופי,https://www.google.com/maps/search/?api=1&query=%D7%91%D7%99%D7%95%D7%98%D7%99%20%D7%A7%D7%9C%D7%99%D7%A0%D7%99%D7%A7%20%D7%A1%D7%A0%D7%99%D7%A3%20%D7%91%D7%90%D7%A8%20%D7%A9%D7%91%D7%A2&query_place_id=ChIJF47w3ehlAhURZIfb33tB0iU
ויולט קליניקת יופי,מכון יופי,+972 54-890-8680,https://www.violetbeautyclinic.com/,כפר כמא,אדיגה,1523500,4.7,15,קליניקת יופי,https://www.google.com/maps/search/?api=1&query=%D7%95%D7%99%D7%95%D7%9C%D7%98%20%D7%A7%D7%9C%D7%99%D7%A0%D7%99%D7%A7%D7%AA%20%D7%99%D7%95%D7%A4%D7%99&query_place_id=ChIJIbpxVYdHHBURhmkFUhwmhPA
פאם קליניק,מכון יופי,+972 53-926-7355,http://www.femme-clinic.co.il/,תל אביב-יפו,"צמוד לקניון, ברודצקי 43, כניסה ב קומה 2",,4.6,179,קליניקת יופי,https://www.google.com/maps/search/?api=1&query=%D7%A4%D7%90%D7%9D%20%D7%A7%D7%9C%D7%99%D7%A0%D7%99%D7%A7&query_place_id=ChIJs-iPQmdJHRUROZjxiMIwGVM
יהב קליניק אילת,מכון יופי,+972 52-677-6198,https://www.yahavclinic.co.il/,אילת,לימונית 3,8830629,5,29,קליניקת יופי,https://www.google.com/maps/search/?api=1&query=%D7%99%D7%94%D7%91%20%D7%A7%D7%9C%D7%99%D7%A0%D7%99%D7%A7%20%D7%90%D7%99%D7%9C%D7%AA&query_place_id=ChIJN_Uad9rkxW4RSdCMHczE1ME
מַרְפֵּאיָה • בין צמח לרוח • ריפוי מהמדבר • חנות בוטיק אונליין • משלוחים לכל הארץ • מפגשי עומק • מסעות חלימה במדבר,מומחה לצמחי מרפא,+972 52-422-2132,https://marpeya.co.il/,שחרות,,,5,3,קליניקת יופי,https://www.google.com/maps/search/?api=1&query=%D7%9E%D6%B7%D7%A8%D6%B0%D7%A4%D6%BC%D6%B5%D7%90%D7%99%D6%B8%D7%94%20%E2%80%A2%20%D7%91%D7%99%D7%9F%20%D7%A6%D7%9E%D7%97%20%D7%9C%D7%A8%D7%95%D7%97%20%E2%80%A2%20%D7%A8%D7%99%D7%A4%D7%95%D7%99%20%D7%9E%D7%94%D7%9E%D7%93%D7%91%D7%A8%20%E2%80%A2%20%D7%97%D7%A0%D7%95%D7%AA%20%D7%91%D7%95%D7%98%D7%99%D7%A7%20%D7%90%D7%95%D7%A0%D7%9C%D7%99%D7%99%D7%9F%20%E2%80%A2%20%D7%9E%D7%A9%D7%9C%D7%95%D7%97%D7%99%D7%9D%20%D7%9C%D7%9B%D7%9C%20%D7%94%D7%90%D7%A8%D7%A5%20%E2%80%A2%20%D7%9E%D7%A4%D7%92%D7%A9%D7%99%20%D7%A2%D7%95%D7%9E%D7%A7%20%E2%80%A2%20%D7%9E%D7%A1%D7%A2%D7%95%D7%AA%20%D7%97%D7%9C%D7%99%D7%9E%D7%94%20%D7%91%D7%9E%D7%93%D7%91%D7%A8&query_place_id=ChIJmWBDBjLzARURkRioQAD2qEI
רחלי רוגע מלווה בדרך לריפוי עצמי באמצעות ריברסינג שמנים אתרים וטיפוח הרגלים מיטיבים,מטפל אלטרנטיבי,+972 52-355-5425,https://kibbutz-samar.com/%D7%A8%D7%97%D7%9C%D7%99-%D7%A8%D7%95%D7%92%D7%A2-%D7%A0%D7%A9%D7%99%D7%9E%D7%94-%D7%9E%D7%95%D7%93%D7%A2%D7%AA,סמר,שכונה 6,8881500,5,8,קליניקת יופי,https://www.google.com/maps/search/?api=1&query=%D7%A8%D7%97%D7%9C%D7%99%20%D7%A8%D7%95%D7%92%D7%A2%20%D7%9E%D7%9C%D7%95%D7%95%D7%94%20%D7%91%D7%93%D7%A8%D7%9A%20%D7%9C%D7%A8%D7%99%D7%A4%D7%95%D7%99%20%D7%A2%D7%A6%D7%9E%D7%99%20%D7%91%D7%90%D7%9E%D7%A6%D7%A2%D7%95%D7%AA%20%D7%A8%D7%99%D7%91%D7%A8%D7%A1%D7%99%D7%A0%D7%92%20%D7%A9%D7%9E%D7%A0%D7%99%D7%9D%20%D7%90%D7%AA%D7%A8%D7%99%D7%9D%20%D7%95%D7%98%D7%99%D7%A4%D7%95%D7%97%20%D7%94%D7%A8%D7%92%D7%9C%D7%99%D7%9D%20%D7%9E%D7%99%D7%98%D7%99%D7%91%D7%99%D7%9D&query_place_id=ChIJzwLjzMxFABURJg0l3ehhvy4
סנדרה קליניק,שירות הסרת שיער בלייזר,+972 50-659-4249,,ספיר,הר נטפים 10,,5,1,קליניקת יופי,https://www.google.com/maps/search/?api=1&query=%D7%A1%D7%A0%D7%93%D7%A8%D7%94%20%D7%A7%D7%9C%D7%99%D7%A0%D7%99%D7%A7&query_place_id=ChIJNc7luXOBARURHqRjtXnRrm0
Beauty Studio,קליניקה לטיפוח העור,+972 50-587-1118,,אילת,אלמוגים 21,,5,21,קליניקת יופי,https://www.google.com/maps/search/?api=1&query=Beauty%20Studio&query_place_id=ChIJFxF1e_9xABUR9mMhtj66c_4
"Queen - מרכז לטיפוח, יופי ואסתטיקה מתקדמת בבאר שבע",מכון יופי,+972 52-344-4552,,באר שבע,"בחניון הרצל, הרצל 97",,4.6,10,קליניקת יופי,https://www.google.com/maps/search/?api=1&query=Queen%20-%20%D7%9E%D7%A8%D7%9B%D7%96%20%D7%9C%D7%98%D7%99%D7%A4%D7%95%D7%97%2C%20%D7%99%D7%95%D7%A4%D7%99%20%D7%95%D7%90%D7%A1%D7%AA%D7%98%D7%99%D7%A7%D7%94%20%D7%9E%D7%AA%D7%A7%D7%93%D7%9E%D7%AA%20%D7%91%D7%91%D7%90%D7%A8%20%D7%A9%D7%91%D7%A2&query_place_id=ChIJYf2Lx-lnAhUR7pavF6KybzM
אורלי גיטמן- קליניקה לפדיקור רפואי שיקומי,סלון מניקור ופדיקור,+972 51-280-0527,,באר שבע,אליעזר שמאלי 9,,5,44,קליניקת יופי,https://www.google.com/maps/search/?api=1&query=%D7%90%D7%95%D7%A8%D7%9C%D7%99%20%D7%92%D7%99%D7%98%D7%9E%D7%9F-%20%D7%A7%D7%9C%D7%99%D7%A0%D7%99%D7%A7%D7%94%20%D7%9C%D7%A4%D7%93%D7%99%D7%A7%D7%95%D7%A8%20%D7%A8%D7%A4%D7%95%D7%90%D7%99%20%D7%A9%D7%99%D7%A7%D7%95%D7%9E%D7%99&query_place_id=ChIJC1MyxDdlAhUR66kx6qNYZBc
קרן אור קוסמטיקאית באילת,קוסמטיקאית,+972 52-813-6936,https://kerenoreilat.co.il/,אילת,"מלון אריאה, דרך מצרים 9",88000,5,56,קליניקת יופי,https://www.google.com/maps/search/?api=1&query=%D7%A7%D7%A8%D7%9F%20%D7%90%D7%95%D7%A8%20%D7%A7%D7%95%D7%A1%D7%9E%D7%98%D7%99%D7%A7%D7%90%D7%99%D7%AA%20%D7%91%D7%90%D7%99%D7%9C%D7%AA&query_place_id=ChIJTWIn7FBxABURpr7G3K9z-qU
קרן מרפאות עור,רופא עור,+972 4-820-0075,https://keren-or.net/haifa/,חיפה,שדרות מוריה 44,3457208,4.7,15,מרפאת עור ולייזר,https://www.google.com/maps/search/?api=1&query=%D7%A7%D7%A8%D7%9F%20%D7%9E%D7%A8%D7%A4%D7%90%D7%95%D7%AA%20%D7%A2%D7%95%D7%A8&query_place_id=ChIJ55txXTu7HRURBgUHzCRisPw
קרן מרפאות עור,רופא עור,+972 54-363-8368,https://keren-or.net/,רמת השרון,החרושת 18,4702519,5,89,מרפאת עור ולייזר,https://www.google.com/maps/search/?api=1&query=%D7%A7%D7%A8%D7%9F%20%D7%9E%D7%A8%D7%A4%D7%90%D7%95%D7%AA%20%D7%A2%D7%95%D7%A8&query_place_id=ChIJCXTEhBtJHRURcUxINWocpyk
ספוט קליניק - מרפאת מומחים לרפואת עור,רופא עור,+972 73-374-3333,http://www.spot-clinic.co.il/,תל אביב-יפו,הנחושת 10,6971072,4.7,116,מרפאת עור ולייזר,https://www.google.com/maps/search/?api=1&query=%D7%A1%D7%A4%D7%95%D7%98%20%D7%A7%D7%9C%D7%99%D7%A0%D7%99%D7%A7%20-%20%D7%9E%D7%A8%D7%A4%D7%90%D7%AA%20%D7%9E%D7%95%D7%9E%D7%97%D7%99%D7%9D%20%D7%9C%D7%A8%D7%A4%D7%95%D7%90%D7%AA%20%D7%A2%D7%95%D7%A8&query_place_id=ChIJmyHy8l9JHRURBINe_ikF7uE
המרכז לרפואת עור ואסתטיקה של ד״ר אלה אגוזי,מרפאה,+972 50-554-2674,http://drellaegozi.co.il/,רמת גן,"מגדלי התאומים, רחוב זאב ז'בוטינסקי 35",5251108,4.9,127,מרפאת עור ולייזר,https://www.google.com/maps/search/?api=1&query=%D7%94%D7%9E%D7%A8%D7%9B%D7%96%20%D7%9C%D7%A8%D7%A4%D7%95%D7%90%D7%AA%20%D7%A2%D7%95%D7%A8%20%D7%95%D7%90%D7%A1%D7%AA%D7%98%D7%99%D7%A7%D7%94%20%D7%A9%D7%9C%20%D7%93%D7%B4%D7%A8%20%D7%90%D7%9C%D7%94%20%D7%90%D7%92%D7%95%D7%96%D7%99&query_place_id=ChIJd0OQ8sdLHRURLiw7zQXJ3IQ
"דר אייל פרץ - מומחה לרפואת עור ומין, דרמטולוגיה אסתטית, טיפולי לייזר, טיפול בצלקות אקנה, הסרת שומות וגידולים שפירים, טיפול בכלי דם, קופרוז, חומצה היאלורונית, מילוי קמטים, עיצוב שפתיים, נשירת שיער, פיגמנטציה.",רופא עור,+972 3-607-7770,http://drperetz.co.il/,ראשון לציון,"אשל מדיקל סנטר, שדרות יוסף לישנסקי 27",,4.5,42,מרפאת עור ולייזר,https://www.google.com/maps/search/?api=1&query=%D7%93%D7%A8%20%D7%90%D7%99%D7%99%D7%9C%20%D7%A4%D7%A8%D7%A5%20-%20%D7%9E%D7%95%D7%9E%D7%97%D7%94%20%D7%9C%D7%A8%D7%A4%D7%95%D7%90%D7%AA%20%D7%A2%D7%95%D7%A8%20%D7%95%D7%9E%D7%99%D7%9F%2C%20%D7%93%D7%A8%D7%9E%D7%98%D7%95%D7%9C%D7%95%D7%92%D7%99%D7%94%20%D7%90%D7%A1%D7%AA%D7%98%D7%99%D7%AA%2C%20%D7%98%D7%99%D7%A4%D7%95%D7%9C%D7%99%20%D7%9C%D7%99%D7%99%D7%96%D7%A8%2C%20%D7%98%D7%99%D7%A4%D7%95%D7%9C%20%D7%91%D7%A6%D7%9C%D7%A7%D7%95%D7%AA%20%D7%90%D7%A7%D7%A0%D7%94%2C%20%D7%94%D7%A1%D7%A8%D7%AA%20%D7%A9%D7%95%D7%9E%D7%95%D7%AA%20%D7%95%D7%92%D7%99%D7%93%D7%95%D7%9C%D7%99%D7%9D%20%D7%A9%D7%A4%D7%99%D7%A8%D7%99%D7%9D%2C%20%D7%98%D7%99%D7%A4%D7%95%D7%9C%20%D7%91%D7%9B%D7%9C%D7%99%20%D7%93%D7%9D%2C%20%D7%A7%D7%95%D7%A4%D7%A8%D7%95%D7%96%2C%20%D7%97%D7%95%D7%9E%D7%A6%D7%94%20%D7%94%D7%99%D7%90%D7%9C%D7%95%D7%A8%D7%95%D7%A0%D7%99%D7%AA%2C%20%D7%9E%D7%99%D7%9C%D7%95%D7%99%20%D7%A7%D7%9E%D7%98%D7%99%D7%9D%2C%20%D7%A2%D7%99%D7%A6%D7%95%D7%91%20%D7%A9%D7%A4%D7%AA%D7%99%D7%99%D7%9D%2C%20%D7%A0%D7%A9%D7%99%D7%A8%D7%AA%20%D7%A9%D7%99%D7%A2%D7%A8%2C%20%D7%A4%D7%99%D7%92%D7%9E%D7%A0%D7%98%D7%A6%D7%99%D7%94.&query_place_id=ChIJT3cvFpGzAhURxdqC0O_aWD8
"אפילוג'יק בע""מ - המרכז לרפואת עור אסתטית",קליניקה לטיפוח העור,+972 73-273-0730,http://www.epilogic.co.il/,ירושלים,"משכנות האומה, אבא אבן 2",,4.8,408,מרפאת עור ולייזר,https://www.google.com/maps/search/?api=1&query=%D7%90%D7%A4%D7%99%D7%9C%D7%95%D7%92'%D7%99%D7%A7%20%D7%91%D7%A2%22%D7%9E%20-%20%D7%94%D7%9E%D7%A8%D7%9B%D7%96%20%D7%9C%D7%A8%D7%A4%D7%95%D7%90%D7%AA%20%D7%A2%D7%95%D7%A8%20%D7%90%D7%A1%D7%AA%D7%98%D7%99%D7%AA&query_place_id=ChIJyYpAmVLWAhURStrNNuuVo84
"ד״ר מתי רוזנבלט, רפואת עור ואסתטיקה",רופא עור,+972 74-740-8189,http://www.drmati.co.il/,הוד השרון,"MR Clinic, סוקולוב 46, כיכר המושבה, קומה 12 יחידה 1201",4528475,5,463,מרפאת עור ולייזר,https://www.google.com/maps/search/?api=1&query=%D7%93%D7%B4%D7%A8%20%D7%9E%D7%AA%D7%99%20%D7%A8%D7%95%D7%96%D7%A0%D7%91%D7%9C%D7%98%2C%20%D7%A8%D7%A4%D7%95%D7%90%D7%AA%20%D7%A2%D7%95%D7%A8%20%D7%95%D7%90%D7%A1%D7%AA%D7%98%D7%99%D7%A7%D7%94&query_place_id=ChIJ_2HYHZM5HRURTmHU2wgFaeE
"ד""ר מאיר - קליניקה לרפואה אסתטית, לייזרים ורפואת עור",רופא עור,+972 53-566-2287,https://dr-meir.com/,חולון,הרוקמים 26,5810201,4.2,109,מרפאת עור ולייזר,https://www.google.com/maps/search/?api=1&query=%D7%93%22%D7%A8%20%D7%9E%D7%90%D7%99%D7%A8%20-%20%D7%A7%D7%9C%D7%99%D7%A0%D7%99%D7%A7%D7%94%20%D7%9C%D7%A8%D7%A4%D7%95%D7%90%D7%94%20%D7%90%D7%A1%D7%AA%D7%98%D7%99%D7%AA%2C%20%D7%9C%D7%99%D7%99%D7%96%D7%A8%D7%99%D7%9D%20%D7%95%D7%A8%D7%A4%D7%95%D7%90%D7%AA%20%D7%A2%D7%95%D7%A8&query_place_id=ChIJR5xFhpy3AhUR99BvbxU3UH8
H.Clinic | לייזר ואסתטיקה,קליניקה לטיפוח העור,+972 73-794-3560,http://www.hcliniclaser.co.il/,תל אביב-יפו,הנחושת 3,6971068,4.2,68,מרפאת עור ולייזר,https://www.google.com/maps/search/?api=1&query=H.Clinic%20%7C%20%D7%9C%D7%99%D7%99%D7%96%D7%A8%20%D7%95%D7%90%D7%A1%D7%AA%D7%98%D7%99%D7%A7%D7%94&query_place_id=ChIJ_WxGKZhJHRURAYym4uGw52s
"ד""ר עדי נוסרטי פרצ׳יק - רופאת עור פרטית",רופא עור,+972 3-381-9844,https://www.derm.clinic/,תל אביב-יפו,"ויצמן‬ 14, קומה 13",,5,145,מרפאת עור ולייזר,https://www.google.com/maps/search/?api=1&query=%D7%93%22%D7%A8%20%D7%A2%D7%93%D7%99%20%D7%A0%D7%95%D7%A1%D7%A8%D7%98%D7%99%20%D7%A4%D7%A8%D7%A6%D7%B3%D7%99%D7%A7%20-%20%D7%A8%D7%95%D7%A4%D7%90%D7%AA%20%D7%A2%D7%95%D7%A8%20%D7%A4%D7%A8%D7%98%D7%99%D7%AA&query_place_id=ChIJS9gFd5NLHRURYXxkQcUrSpA
"ד""ר אכי פרידמן",מרפאה,+972 3-696-1629,http://www.dr-acky.com/,תל אביב-יפו,"דרך מנחם בגין 150, קומה 5",6492105,4,88,מרפאת עור ולייזר,https://www.google.com/maps/search/?api=1&query=%D7%93%22%D7%A8%20%D7%90%D7%9B%D7%99%20%D7%A4%D7%A8%D7%99%D7%93%D7%9E%D7%9F&query_place_id=ChIJ1eMEybxJHRURcmKeayRPHeQ
דר מגון רונן מומחה לרפואת עור אסתטיקה ולייזר,רופא עור,+972 50-671-2688,http://www.dr-magun.com/,באר שבע,"M Tower, רחה פריאר 9, קומה 7",,4.8,148,מרפאת עור ולייזר,https://www.google.com/maps/search/?api=1&query=%D7%93%D7%A8%20%D7%9E%D7%92%D7%95%D7%9F%20%D7%A8%D7%95%D7%A0%D7%9F%20%D7%9E%D7%95%D7%9E%D7%97%D7%94%20%D7%9C%D7%A8%D7%A4%D7%95%D7%90%D7%AA%20%D7%A2%D7%95%D7%A8%20%D7%90%D7%A1%D7%AA%D7%98%D7%99%D7%A7%D7%94%20%D7%95%D7%9C%D7%99%D7%99%D7%96%D7%A8&query_place_id=ChIJI56baRNmAhURFH4COD4hNyw
"PRP לשיער: מרפאת ד""ר גיא שלום",רופא עור,+972 77-997-5383,https://www.medico.co.il/%D7%A8%D7%95%D7%A4%D7%90%D7%99%D7%9D/%D7%93%D7%A8-%D7%92%D7%99%D7%90-%D7%A9%D7%9C%D7%95%D7%9D/,נס ציונה,השייטת 4,7420812,4.4,97,מרפאת עור ולייזר,https://www.google.com/maps/search/?api=1&query=PRP%20%D7%9C%D7%A9%D7%99%D7%A2%D7%A8%3A%20%D7%9E%D7%A8%D7%A4%D7%90%D7%AA%20%D7%93%22%D7%A8%20%D7%92%D7%99%D7%90%20%D7%A9%D7%9C%D7%95%D7%9D&query_place_id=ChIJJZNNX96zAhURexiX0N6OAx8
"ד""ר ורנר קליניק - מומחים לאסתטיקה, לייזר ודרמטולוגיה - ד""ר אינס ורנר",מרפאה,+972 3-635-3183,http://www.vernerclinic.com/,קרית אונו,השדרה האקדמית 2,,4.6,39,מרפאת עור ולייזר,https://www.google.com/maps/search/?api=1&query=%D7%93%22%D7%A8%20%D7%95%D7%A8%D7%A0%D7%A8%20%D7%A7%D7%9C%D7%99%D7%A0%D7%99%D7%A7%20-%20%D7%9E%D7%95%D7%9E%D7%97%D7%99%D7%9D%20%D7%9C%D7%90%D7%A1%D7%AA%D7%98%D7%99%D7%A7%D7%94%2C%20%D7%9C%D7%99%D7%99%D7%96%D7%A8%20%D7%95%D7%93%D7%A8%D7%9E%D7%98%D7%95%D7%9C%D7%95%D7%92%D7%99%D7%94%20-%20%D7%93%22%D7%A8%20%D7%90%D7%99%D7%A0%D7%A1%20%D7%95%D7%A8%D7%A0%D7%A8&query_place_id=ChIJBcig_oc1HRUR6WyKGnoZ15c
רונית מרכז אסתטיקה ולייזר,שירות הסרת שיער בלייזר,+972 3-771-0177,https://mrmor.rapid-image.net/CP/login,פתח תקווה,דרך יצחק רבין 1,4925110,4.8,433,מרפאת עור ולייזר,https://www.google.com/maps/search/?api=1&query=%D7%A8%D7%95%D7%A0%D7%99%D7%AA%20%D7%9E%D7%A8%D7%9B%D7%96%20%D7%90%D7%A1%D7%AA%D7%98%D7%99%D7%A7%D7%94%20%D7%95%D7%9C%D7%99%D7%99%D7%96%D7%A8&query_place_id=ChIJrz6s--I1HRURTbxe0O34Hms
האור שבעור - הסרת שיער בלייזר והצערת עור הפנים,שירות הסרת שיער בלייזר,+972 54-886-5454,https://patronlaser1.co.il/natalie-vaknin/,צור יצחק,נחל ערוגות 20,,5,13,מרפאת עור ולייזר,https://www.google.com/maps/search/?api=1&query=%D7%94%D7%90%D7%95%D7%A8%20%D7%A9%D7%91%D7%A2%D7%95%D7%A8%20-%20%D7%94%D7%A1%D7%A8%D7%AA%20%D7%A9%D7%99%D7%A2%D7%A8%20%D7%91%D7%9C%D7%99%D7%99%D7%96%D7%A8%20%D7%95%D7%94%D7%A6%D7%A2%D7%A8%D7%AA%20%D7%A2%D7%95%D7%A8%20%D7%94%D7%A4%D7%A0%D7%99%D7%9D&query_place_id=ChIJH2uQPtM9HRURcDbIlQ_GBJg
הסרת שיער בלייזר | לייזהייר קליניק | LASHAIR CLINIC,שירות הסרת שיער בלייזר,+972 53-300-7781,,ראש העין,העבודה 11,,5,104,מרפאת עור ולייזר,https://www.google.com/maps/search/?api=1&query=%D7%94%D7%A1%D7%A8%D7%AA%20%D7%A9%D7%99%D7%A2%D7%A8%20%D7%91%D7%9C%D7%99%D7%99%D7%96%D7%A8%20%7C%20%D7%9C%D7%99%D7%99%D7%96%D7%94%D7%99%D7%99%D7%A8%20%D7%A7%D7%9C%D7%99%D7%A0%D7%99%D7%A7%20%7C%20LASHAIR%20CLINIC&query_place_id=ChIJP8WxYik3HRURAkiA6Ew8rVI
"ד""ר אורן אלדר - רופא עור פרטי",רופא עור,+972 52-459-0032,https://dreldar.co.il/,רעננה,"הנופר 2, ג",4366402,4.9,68,מרפאת עור ולייזר,https://www.google.com/maps/search/?api=1&query=%D7%93%22%D7%A8%20%D7%90%D7%95%D7%A8%D7%9F%20%D7%90%D7%9C%D7%93%D7%A8%20-%20%D7%A8%D7%95%D7%A4%D7%90%20%D7%A2%D7%95%D7%A8%20%D7%A4%D7%A8%D7%98%D7%99&query_place_id=ChIJaaSFqqk5HRURRX_xKBdhYqw
אתר דוקטור חן,קליניקה לטיפוח העור,+972 73-374-6633,http://www.dr-hen.co.il/,תל אביב-יפו,הברזל 31,,4.9,126,מרפאת עור ולייזר,https://www.google.com/maps/search/?api=1&query=%D7%90%D7%AA%D7%A8%20%D7%93%D7%95%D7%A7%D7%98%D7%95%D7%A8%20%D7%97%D7%9F&query_place_id=ChIJyW64W7tLHRURgSCYQ-TPnvc
"המרכז הרב תחומי לרפואת עור ילדים | בהנהלת ד""ר אביקם הראל",רופא עור,+972 73-769-1088,http://www.hclinic.co.il/,תל אביב-יפו,הנחושת 3,6971068,4.4,185,מרפאת עור ולייזר,https://www.google.com/maps/search/?api=1&query=%D7%94%D7%9E%D7%A8%D7%9B%D7%96%20%D7%94%D7%A8%D7%91%20%D7%AA%D7%97%D7%95%D7%9E%D7%99%20%D7%9C%D7%A8%D7%A4%D7%95%D7%90%D7%AA%20%D7%A2%D7%95%D7%A8%20%D7%99%D7%9C%D7%93%D7%99%D7%9D%20%7C%20%D7%91%D7%94%D7%A0%D7%94%D7%9C%D7%AA%20%D7%93%22%D7%A8%20%D7%90%D7%91%D7%99%D7%A7%D7%9D%20%D7%94%D7%A8%D7%90%D7%9C&query_place_id=ChIJN9j275RJHRURuI5fx2Ay-j0
ד״ר אוראל פטל - רפואה אסתטית,מרפאה,+972 58-505-5974,https://www.drpetel.com/,הוד השרון,"כיכר המושבה, סוקולוב 46",4528475,5,74,רפואה אסתטית,https://www.google.com/maps/search/?api=1&query=%D7%93%D7%B4%D7%A8%20%D7%90%D7%95%D7%A8%D7%90%D7%9C%20%D7%A4%D7%98%D7%9C%20-%20%D7%A8%D7%A4%D7%95%D7%90%D7%94%20%D7%90%D7%A1%D7%AA%D7%98%D7%99%D7%AA&query_place_id=ChIJ5eut5Cc5HRUR5rzHkKtvvjM
דר' דפנה מנספלד רפואה אסתטית,רופא,+972 52-357-7100,http://www.docmd.co.il/,תל אביב-יפו,אלכסנדר פן 20,6964122,4.4,14,רפואה אסתטית,https://www.google.com/maps/search/?api=1&query=%D7%93%D7%A8'%20%D7%93%D7%A4%D7%A0%D7%94%20%D7%9E%D7%A0%D7%A1%D7%A4%D7%9C%D7%93%20%D7%A8%D7%A4%D7%95%D7%90%D7%94%20%D7%90%D7%A1%D7%AA%D7%98%D7%99%D7%AA&query_place_id=ChIJlS1Qsr1MHRUR7MwA0dB5nVU
"ד""ר יניב ביגו - רפואה אסתטית בע""מ",מרפאה,+972 54-931-7469,http://www.drbigo.co.il/,תל אביב-יפו,הברזל 15,6971021,5,741,רפואה אסתטית,https://www.google.com/maps/search/?api=1&query=%D7%93%22%D7%A8%20%D7%99%D7%A0%D7%99%D7%91%20%D7%91%D7%99%D7%92%D7%95%20-%20%D7%A8%D7%A4%D7%95%D7%90%D7%94%20%D7%90%D7%A1%D7%AA%D7%98%D7%99%D7%AA%20%D7%91%D7%A2%22%D7%9E&query_place_id=ChIJKxoTeZNJHRURe8gotqK712U
"ד""ר משה אמיר - אמיר אסתטיקס - רפואה אסתטית",מרפאה,+972 52-969-7639,https://dr-amir-aesthetics.com/lipkiss/,תל אביב-יפו,משה ברזאני 6,6912106,5,977,רפואה אסתטית,https://www.google.com/maps/search/?api=1&query=%D7%93%22%D7%A8%20%D7%9E%D7%A9%D7%94%20%D7%90%D7%9E%D7%99%D7%A8%20-%20%D7%90%D7%9E%D7%99%D7%A8%20%D7%90%D7%A1%D7%AA%D7%98%D7%99%D7%A7%D7%A1%20-%20%D7%A8%D7%A4%D7%95%D7%90%D7%94%20%D7%90%D7%A1%D7%AA%D7%98%D7%99%D7%AA&query_place_id=ChIJ4VH1uOtJHRURjImswpdfV0Q
"ד""ר פולי אמיריאן | רפואה אסתטית",מרפאה,+972 58-664-0047,https://schedule.easybizy.net/drpolinaamirian,תל אביב-יפו,דרך מנחם בגין 150,,5,22,רפואה אסתטית,https://www.google.com/maps/search/?api=1&query=%D7%93%22%D7%A8%20%D7%A4%D7%95%D7%9C%D7%99%20%D7%90%D7%9E%D7%99%D7%A8%D7%99%D7%90%D7%9F%20%7C%20%D7%A8%D7%A4%D7%95%D7%90%D7%94%20%D7%90%D7%A1%D7%AA%D7%98%D7%99%D7%AA&query_place_id=ChIJcaTQg9dLHRURrLwhURZYthA
ד״ר ענבר ליבר - רפואה אסתטית,מרפאה,+972 51-514-0994,https://www.lieberclinics.com/,קרית אונו,חיים ברנר 1,,5,15,רפואה אסתטית,https://www.google.com/maps/search/?api=1&query=%D7%93%D7%B4%D7%A8%20%D7%A2%D7%A0%D7%91%D7%A8%20%D7%9C%D7%99%D7%91%D7%A8%20-%20%D7%A8%D7%A4%D7%95%D7%90%D7%94%20%D7%90%D7%A1%D7%AA%D7%98%D7%99%D7%AA&query_place_id=ChIJsxnGKXFLHRURJkbht_aSimI
"ד""ר אביחי חפיזוב רפואה אסתטית מתקדמת",קליניקה לטיפוח העור,+972 55-960-0033,https://dravihaychafizov.co.il/,רמת גן,"מגדלי התאומים 2, זאב ז׳בוטינסקי 35",52511,5,70,רפואה אסתטית,https://www.google.com/maps/search/?api=1&query=%D7%93%22%D7%A8%20%D7%90%D7%91%D7%99%D7%97%D7%99%20%D7%97%D7%A4%D7%99%D7%96%D7%95%D7%91%20%D7%A8%D7%A4%D7%95%D7%90%D7%94%20%D7%90%D7%A1%D7%AA%D7%98%D7%99%D7%AA%20%D7%9E%D7%AA%D7%A7%D7%93%D7%9E%D7%AA&query_place_id=ChIJIarJzS1LHRURJfSr52tlDN4
ד״ר רון אמיר - קליניקה לרפואה אסתטית מתקדמת,קליניקה לטיפוח העור,,http://drronclinics.com/,תקומה,משק 77,8515900,4.9,32,רפואה אסתטית,https://www.google.com/maps/search/?api=1&query=%D7%93%D7%B4%D7%A8%20%D7%A8%D7%95%D7%9F%20%D7%90%D7%9E%D7%99%D7%A8%20-%20%D7%A7%D7%9C%D7%99%D7%A0%D7%99%D7%A7%D7%94%20%D7%9C%D7%A8%D7%A4%D7%95%D7%90%D7%94%20%D7%90%D7%A1%D7%AA%D7%98%D7%99%D7%AA%20%D7%9E%D7%AA%D7%A7%D7%93%D7%9E%D7%AA&query_place_id=ChIJa0DGqUh_AhURJr15kdMy3sc
"ד""ר אלגד רובין - רפואת שיניים & רפואה אסתטית Dr. Elgad Robin",מרכז רפואי,+972 53-234-0979,https://dr-elgad-aesthetics.co.il/,באר יעקב,עמק 6,7032711,5,197,רפואה אסתטית,https://www.google.com/maps/search/?api=1&query=%D7%93%22%D7%A8%20%D7%90%D7%9C%D7%92%D7%93%20%D7%A8%D7%95%D7%91%D7%99%D7%9F%20-%20%D7%A8%D7%A4%D7%95%D7%90%D7%AA%20%D7%A9%D7%99%D7%A0%D7%99%D7%99%D7%9D%20%26%20%D7%A8%D7%A4%D7%95%D7%90%D7%94%20%D7%90%D7%A1%D7%AA%D7%98%D7%99%D7%AA%20Dr.%20Elgad%20Robin&query_place_id=ChIJmTrbE4bLAhURTFoKiKHRNIY
"ד""ר יקיר קליניק - רפואה אסתטית מתקדמת",שירותי אסתטיקה,+972 52-661-1442,https://www.dryakir.co.il/,רמת גן,בצלאל 4,5252104,5,6,רפואה אסתטית,https://www.google.com/maps/search/?api=1&query=%D7%93%22%D7%A8%20%D7%99%D7%A7%D7%99%D7%A8%20%D7%A7%D7%9C%D7%99%D7%A0%D7%99%D7%A7%20-%20%D7%A8%D7%A4%D7%95%D7%90%D7%94%20%D7%90%D7%A1%D7%AA%D7%98%D7%99%D7%AA%20%D7%9E%D7%AA%D7%A7%D7%93%D7%9E%D7%AA&query_place_id=ChIJZbSpclRLHRUR0EHnmXHpzTE
ד״ר יוני דללי - רפואה אסתטית,מכון יופי,+972 50-441-5720,https://instagram.com/dryonidalali,תל אביב-יפו,"מגדל אקרו, יצחק שדה 8",,5,111,רפואה אסתטית,https://www.google.com/maps/search/?api=1&query=%D7%93%D7%B4%D7%A8%20%D7%99%D7%95%D7%A0%D7%99%20%D7%93%D7%9C%D7%9C%D7%99%20-%20%D7%A8%D7%A4%D7%95%D7%90%D7%94%20%D7%90%D7%A1%D7%AA%D7%98%D7%99%D7%AA&query_place_id=ChIJ6eoJTQhNHRURRgBx1vIDgV4
ד׳׳ר בר קייקוב - רפואה אסתטית,רופא,+972 52-697-8906,,רמלה,יונה וולך 2ג׳,,5,38,רפואה אסתטית,https://www.google.com/maps/search/?api=1&query=%D7%93%D7%B3%D7%B3%D7%A8%20%D7%91%D7%A8%20%D7%A7%D7%99%D7%99%D7%A7%D7%95%D7%91%20-%20%D7%A8%D7%A4%D7%95%D7%90%D7%94%20%D7%90%D7%A1%D7%AA%D7%98%D7%99%D7%AA&query_place_id=ChIJw1nbj0XLAhUR4Qx9rTRb6O0
דר גלית אלקיים - רפואה אסתטית מתקדמת בראשון לציון,קליניקה לטיפוח העור,+972 58-500-0002,http://galitelkayam.co.il/,ראשון לציון,Habal Shem Tov 8,7525942,4.9,40,רפואה אסתטית,https://www.google.com/maps/search/?api=1&query=%D7%93%D7%A8%20%D7%92%D7%9C%D7%99%D7%AA%20%D7%90%D7%9C%D7%A7%D7%99%D7%99%D7%9D%20-%20%D7%A8%D7%A4%D7%95%D7%90%D7%94%20%D7%90%D7%A1%D7%AA%D7%98%D7%99%D7%AA%20%D7%9E%D7%AA%D7%A7%D7%93%D7%9E%D7%AA%20%D7%91%D7%A8%D7%90%D7%A9%D7%95%D7%9F%20%D7%9C%D7%A6%D7%99%D7%95%D7%9F&query_place_id=ChIJYXbrVZK1AhUReLTITS20E2E
"ד""ר רוברט כהן - רפואה אסתטית ורפואת ספורט",רופא,+972 52-378-0712,https://www.drobertcohen.com/,תל אביב-יפו,בכור שלום שטרית 18,6948218,4.8,12,רפואה אסתטית,https://www.google.com/maps/search/?api=1&query=%D7%93%22%D7%A8%20%D7%A8%D7%95%D7%91%D7%A8%D7%98%20%D7%9B%D7%94%D7%9F%20-%20%D7%A8%D7%A4%D7%95%D7%90%D7%94%20%D7%90%D7%A1%D7%AA%D7%98%D7%99%D7%AA%20%D7%95%D7%A8%D7%A4%D7%95%D7%90%D7%AA%20%D7%A1%D7%A4%D7%95%D7%A8%D7%98&query_place_id=ChIJTbPVB4JJHRURLx8JmKTK2uA
"ד""ר משה רוזן רפואה אסתטית",רופא,+972 51-533-5110,http://www.drmosherosen.co.il/,תל אביב-יפו,גרוזנברג 14,,5,272,רפואה אסתטית,https://www.google.com/maps/search/?api=1&query=%D7%93%22%D7%A8%20%D7%9E%D7%A9%D7%94%20%D7%A8%D7%95%D7%96%D7%9F%20%D7%A8%D7%A4%D7%95%D7%90%D7%94%20%D7%90%D7%A1%D7%AA%D7%98%D7%99%D7%AA&query_place_id=ChIJPz3OYEPXAhURa9aOeD2-sbY
"מרפאת ד""ר גרה לרפואה אסתטית ג׳ת",מרפאה,+972 54-688-4065,http://drgarastore.com/,ג'ת,ח'לת זיתא,30091,5,93,רפואה אסתטית,https://www.google.com/maps/search/?api=1&query=%D7%9E%D7%A8%D7%A4%D7%90%D7%AA%20%D7%93%22%D7%A8%20%D7%92%D7%A8%D7%94%20%D7%9C%D7%A8%D7%A4%D7%95%D7%90%D7%94%20%D7%90%D7%A1%D7%AA%D7%98%D7%99%D7%AA%20%D7%92%D7%B3%D7%AA&query_place_id=ChIJv80u5IIaHRURUirApCfh-nE
"ד""ר ולדה ורטהיים, רפואה אסתטית הזרקות בוטוקס וחומצה היאלורונית",יועץ בריאות,+972 50-668-6260,,כפר תבור,לח״י 3,,5,31,רפואה אסתטית,https://www.google.com/maps/search/?api=1&query=%D7%93%22%D7%A8%20%D7%95%D7%9C%D7%93%D7%94%20%D7%95%D7%A8%D7%98%D7%94%D7%99%D7%99%D7%9D%2C%20%D7%A8%D7%A4%D7%95%D7%90%D7%94%20%D7%90%D7%A1%D7%AA%D7%98%D7%99%D7%AA%20%D7%94%D7%96%D7%A8%D7%A7%D7%95%D7%AA%20%D7%91%D7%95%D7%98%D7%95%D7%A7%D7%A1%20%D7%95%D7%97%D7%95%D7%9E%D7%A6%D7%94%20%D7%94%D7%99%D7%90%D7%9C%D7%95%D7%A8%D7%95%D7%A0%D7%99%D7%AA&query_place_id=ChIJL_51N3lFHBUR6GJ3TMI2Lgk
ד״ר ראם רפואה אסתטית בשינקין,רופא,+972 52-688-6144,https://www.instagram.com/dr_reem_david_rehanian?igsh=MXh1eTVraDMyc3Bybw==,תל אביב-יפו,שינקין 18,,4.9,58,רפואה אסתטית,https://www.google.com/maps/search/?api=1&query=%D7%93%D7%B4%D7%A8%20%D7%A8%D7%90%D7%9D%20%D7%A8%D7%A4%D7%95%D7%90%D7%94%20%D7%90%D7%A1%D7%AA%D7%98%D7%99%D7%AA%20%D7%91%D7%A9%D7%99%D7%A0%D7%A7%D7%99%D7%9F&query_place_id=ChIJT0eFq1pNHRUR4xhPb-faybQ
"ד""ר נוה בראון - רפואה אסתטית",רופא,+972 55-272-9029,https://drnavebaron.co.il/,תל אביב-יפו,דוד רזיאל 8,,5,16,רפואה אסתטית,https://www.google.com/maps/search/?api=1&query=%D7%93%22%D7%A8%20%D7%A0%D7%95%D7%94%20%D7%91%D7%A8%D7%90%D7%95%D7%9F%20-%20%D7%A8%D7%A4%D7%95%D7%90%D7%94%20%D7%90%D7%A1%D7%AA%D7%98%D7%99%D7%AA&query_place_id=ChIJSQKamLZNHRUROuAfUWp8ppg
שרי זיאת- מכון להסרת שיער בלייזר ויופי,שירות הסרת שיער בלייזר,+972 55-557-3835,,בני ברק,יהודה הנשיא 22,,5,17,מכון להסרת שיער בלייזר,https://www.google.com/maps/search/?api=1&query=%D7%A9%D7%A8%D7%99%20%D7%96%D7%99%D7%90%D7%AA-%20%D7%9E%D7%9B%D7%95%D7%9F%20%D7%9C%D7%94%D7%A1%D7%A8%D7%AA%20%D7%A9%D7%99%D7%A2%D7%A8%20%D7%91%D7%9C%D7%99%D7%99%D7%96%D7%A8%20%D7%95%D7%99%D7%95%D7%A4%D7%99&query_place_id=ChIJYyqUuxQNvCoRf6KA_uFl_MY
MLE מדיקל - מבשרת לייזר אסתטיקה,שירות הסרת שיער בלייזר,+972 1-700-506-029,https://mle-medical.co.il/,מבשרת ציון,חרמון 2,9076101,5,460,מכון להסרת שיער בלייזר,https://www.google.com/maps/search/?api=1&query=MLE%20%D7%9E%D7%93%D7%99%D7%A7%D7%9C%20-%20%D7%9E%D7%91%D7%A9%D7%A8%D7%AA%20%D7%9C%D7%99%D7%99%D7%96%D7%A8%20%D7%90%D7%A1%D7%AA%D7%98%D7%99%D7%A7%D7%94&query_place_id=ChIJrylOcdXXAhURr9-79CM24Eo
נטלי הומאי- הסרת שיער בלייזר באר יעקב,שירות הסרת שיער בלייזר,+972 52-605-5559,,באר יעקב,יהלום 4,7032074,5,140,מכון להסרת שיער בלייזר,https://www.google.com/maps/search/?api=1&query=%D7%A0%D7%98%D7%9C%D7%99%20%D7%94%D7%95%D7%9E%D7%90%D7%99-%20%D7%94%D7%A1%D7%A8%D7%AA%20%D7%A9%D7%99%D7%A2%D7%A8%20%D7%91%D7%9C%D7%99%D7%99%D7%96%D7%A8%20%D7%91%D7%90%D7%A8%20%D7%99%D7%A2%D7%A7%D7%91&query_place_id=ChIJ1dkC2zq3AhURg-df1Q5Xx_k
"אולסטרס לייזר , הסרת שיער בלייזר",שירות הסרת שיער בלייזר,+972 53-554-0319,,תל אביב-יפו,המלך ג'ורג' 11,6608906,5,65,מכון להסרת שיער בלייזר,https://www.google.com/maps/search/?api=1&query=%D7%90%D7%95%D7%9C%D7%A1%D7%98%D7%A8%D7%A1%20%D7%9C%D7%99%D7%99%D7%96%D7%A8%20%2C%20%D7%94%D7%A1%D7%A8%D7%AA%20%D7%A9%D7%99%D7%A2%D7%A8%20%D7%91%D7%9C%D7%99%D7%99%D7%96%D7%A8&query_place_id=ChIJWTVgPddNHRUR_XU_AEYsLTk
מעיין לייזר בוטיק - הסרת שיער בלייזר,שירות להסרת שיער,+972 50-633-4454,https://instagram.com/maayan.laser.boutique?igshid=YmMyMTA2M2Y=,באר יעקב,יהלום 2,7032076,5,28,מכון להסרת שיער בלייזר,https://www.google.com/maps/search/?api=1&query=%D7%9E%D7%A2%D7%99%D7%99%D7%9F%20%D7%9C%D7%99%D7%99%D7%96%D7%A8%20%D7%91%D7%95%D7%98%D7%99%D7%A7%20-%20%D7%94%D7%A1%D7%A8%D7%AA%20%D7%A9%D7%99%D7%A2%D7%A8%20%D7%91%D7%9C%D7%99%D7%99%D7%96%D7%A8&query_place_id=ChIJXzHQYtS3AhURtcS_tqKL534
מכון יופי ושרות להסרת שיער בלייזר,מכון יופי,+972 50-455-9878,,תל אביב-יפו,טשרניחובסקי 7,6329118,5,3,מכון להסרת שיער בלייזר,https://www.google.com/maps/search/?api=1&query=%D7%9E%D7%9B%D7%95%D7%9F%20%D7%99%D7%95%D7%A4%D7%99%20%D7%95%D7%A9%D7%A8%D7%95%D7%AA%20%D7%9C%D7%94%D7%A1%D7%A8%D7%AA%20%D7%A9%D7%99%D7%A2%D7%A8%20%D7%91%D7%9C%D7%99%D7%99%D7%96%D7%A8&query_place_id=ChIJN4rmxFVNHRURyHDRz3q2-3Y
עינת לייזר קנדלה - Einat Candela Laser,שירות הסרת שיער בלייזר,+972 52-782-5050,https://www.facebook.com/EinatLASER,ירושלים,אורי בן ארי 14/2,,5,129,מכון להסרת שיער בלייזר,https://www.google.com/maps/search/?api=1&query=%D7%A2%D7%99%D7%A0%D7%AA%20%D7%9C%D7%99%D7%99%D7%96%D7%A8%20%D7%A7%D7%A0%D7%93%D7%9C%D7%94%20-%20Einat%20Candela%20Laser&query_place_id=ChIJyYnA4ccpAxURjCOnz0wQa4g
ענבל ויס - הסרת שיער בלייזר,שירות הסרת שיער בלייזר,+972 50-938-3038,,רמת גן,לאן 29,5249507,5,44,מכון להסרת שיער בלייזר,https://www.google.com/maps/search/?api=1&query=%D7%A2%D7%A0%D7%91%D7%9C%20%D7%95%D7%99%D7%A1%20-%20%D7%94%D7%A1%D7%A8%D7%AA%20%D7%A9%D7%99%D7%A2%D7%A8%20%D7%91%D7%9C%D7%99%D7%99%D7%96%D7%A8&query_place_id=ChIJ57-kA89LHRURk2qwXxof8ek
אמור קליניקה להסרת שיער בלייזר ומכון שיזוף,שירות הסרת שיער בלייזר,+972 50-895-0600,https://www.amorclinic.co.il/,אלעד,יהודה הנשיא 94 אלעד מרכז מסחרי נחלת יצחק קומה 2 במעלית,,5,36,מכון להסרת שיער בלייזר,https://www.google.com/maps/search/?api=1&query=%D7%90%D7%9E%D7%95%D7%A8%20%D7%A7%D7%9C%D7%99%D7%A0%D7%99%D7%A7%D7%94%20%D7%9C%D7%94%D7%A1%D7%A8%D7%AA%20%D7%A9%D7%99%D7%A2%D7%A8%20%D7%91%D7%9C%D7%99%D7%99%D7%96%D7%A8%20%D7%95%D7%9E%D7%9B%D7%95%D7%9F%20%D7%A9%D7%99%D7%96%D7%95%D7%A3&query_place_id=ChIJYfL9sB0zHRURAz-4JaIt18o
זוהרה ביוטי סלון - הסרת שיער בלייזר וטיפולים אסתטיים באשדוד,שירות הסרת שיער בלייזר,+972 52-555-5193,http://www.zoharabeautysalon.com/,אשדוד,"בניין גן העיר, הגדוד העברי 5",,5,45,מכון להסרת שיער בלייזר,https://www.google.com/maps/search/?api=1&query=%D7%96%D7%95%D7%94%D7%A8%D7%94%20%D7%91%D7%99%D7%95%D7%98%D7%99%20%D7%A1%D7%9C%D7%95%D7%9F%20-%20%D7%94%D7%A1%D7%A8%D7%AA%20%D7%A9%D7%99%D7%A2%D7%A8%20%D7%91%D7%9C%D7%99%D7%99%D7%96%D7%A8%20%D7%95%D7%98%D7%99%D7%A4%D7%95%D7%9C%D7%99%D7%9D%20%D7%90%D7%A1%D7%AA%D7%98%D7%99%D7%99%D7%9D%20%D7%91%D7%90%D7%A9%D7%93%D7%95%D7%93&query_place_id=ChIJZQsogkGjAhUR1Vq7puc32eg
גלית ביוטי לייזר קוסמטיקה ואנטיאייגינג,שירות הסרת שיער בלייזר,+972 50-203-0888,https://patronlaser1.co.il/galit-beauty/,ירושלים,הנרייטה סולד 5,9055526,5,14,מכון להסרת שיער בלייזר,https://www.google.com/maps/search/?api=1&query=%D7%92%D7%9C%D7%99%D7%AA%20%D7%91%D7%99%D7%95%D7%98%D7%99%20%D7%9C%D7%99%D7%99%D7%96%D7%A8%20%D7%A7%D7%95%D7%A1%D7%9E%D7%98%D7%99%D7%A7%D7%94%20%D7%95%D7%90%D7%A0%D7%98%D7%99%D7%90%D7%99%D7%99%D7%92%D7%99%D7%A0%D7%92&query_place_id=ChIJK_6jdQfXAhURfocIn2E8yj0
Natalie cosmetic הסרת שיער בלייזר אשקלון,שירות הסרת שיער בלייזר,+972 50-306-0045,,אשקלון,נחלה 20,,5,15,מכון להסרת שיער בלייזר,https://www.google.com/maps/search/?api=1&query=Natalie%20cosmetic%20%D7%94%D7%A1%D7%A8%D7%AA%20%D7%A9%D7%99%D7%A2%D7%A8%20%D7%91%D7%9C%D7%99%D7%99%D7%96%D7%A8%20%D7%90%D7%A9%D7%A7%D7%9C%D7%95%D7%9F&query_place_id=ChIJB9nWHmejAhURmOXEagVNWtQ
מיה לייזר - הסרת שיער בלייזר בחולון | לייזר לגברים | לייזר לנשים,שירות הסרת שיער בלייזר,+972 50-995-7772,,חולון,גולדה מאיר 8,,5,14,מכון להסרת שיער בלייזר,https://www.google.com/maps/search/?api=1&query=%D7%9E%D7%99%D7%94%20%D7%9C%D7%99%D7%99%D7%96%D7%A8%20-%20%D7%94%D7%A1%D7%A8%D7%AA%20%D7%A9%D7%99%D7%A2%D7%A8%20%D7%91%D7%9C%D7%99%D7%99%D7%96%D7%A8%20%D7%91%D7%97%D7%95%D7%9C%D7%95%D7%9F%20%7C%20%D7%9C%D7%99%D7%99%D7%96%D7%A8%20%D7%9C%D7%92%D7%91%D7%A8%D7%99%D7%9D%20%7C%20%D7%9C%D7%99%D7%99%D7%96%D7%A8%20%D7%9C%D7%A0%D7%A9%D7%99%D7%9D&query_place_id=ChIJv1_h8P6zAhURmVPrc3U1H9o
לייזר לה ולו - הסרת שיער בלייזר,שירות הסרת שיער בלייזר,+972 54-268-6500,https://www.d.co.il/80387984/47540/,חולון,ארתור רופין 14,5834434,5,1,מכון להסרת שיער בלייזר,https://www.google.com/maps/search/?api=1&query=%D7%9C%D7%99%D7%99%D7%96%D7%A8%20%D7%9C%D7%94%20%D7%95%D7%9C%D7%95%20-%20%D7%94%D7%A1%D7%A8%D7%AA%20%D7%A9%D7%99%D7%A2%D7%A8%20%D7%91%D7%9C%D7%99%D7%99%D7%96%D7%A8&query_place_id=ChIJjSz24LW1AhURQRZVUwZP91c
הום לייזר,שירות הסרת שיער בלייזר,+972 2-647-0777,http://home-laser.co.il/,ירושלים,בן טבאי 10,,5,34,מכון להסרת שיער בלייזר,https://www.google.com/maps/search/?api=1&query=%D7%94%D7%95%D7%9D%20%D7%9C%D7%99%D7%99%D7%96%D7%A8&query_place_id=ChIJ19o3ZFHXAhURSZhUDGN67W4
לאייס לייזר - הסרת שיער בלייזר בפתח תקווה,שירות הסרת שיער בלייזר,+972 52-804-0370,https://laislaser.co.il/,פתח תקווה,מבצע יפתח 8,4906223,5,12,מכון להסרת שיער בלייזר,https://www.google.com/maps/search/?api=1&query=%D7%9C%D7%90%D7%99%D7%99%D7%A1%20%D7%9C%D7%99%D7%99%D7%96%D7%A8%20-%20%D7%94%D7%A1%D7%A8%D7%AA%20%D7%A9%D7%99%D7%A2%D7%A8%20%D7%91%D7%9C%D7%99%D7%99%D7%96%D7%A8%20%D7%91%D7%A4%D7%AA%D7%97%20%D7%AA%D7%A7%D7%95%D7%95%D7%94&query_place_id=ChIJwTTdzxs3HRURevT3yO4QIFA
"פרופורציה באר שבע - הסרת שיער בלייזר, טיפולי אסתטיקה וניתוחים פלסטיים",שירות הסרת שיער בלייזר,+972 8-634-6722,https://proportsia.co.il/beer-sheba-branch/,באר שבע,חיים יחיל 11,8489442,4.9,644,מכון להסרת שיער בלייזר,https://www.google.com/maps/search/?api=1&query=%D7%A4%D7%A8%D7%95%D7%A4%D7%95%D7%A8%D7%A6%D7%99%D7%94%20%D7%91%D7%90%D7%A8%20%D7%A9%D7%91%D7%A2%20-%20%D7%94%D7%A1%D7%A8%D7%AA%20%D7%A9%D7%99%D7%A2%D7%A8%20%D7%91%D7%9C%D7%99%D7%99%D7%96%D7%A8%2C%20%D7%98%D7%99%D7%A4%D7%95%D7%9C%D7%99%20%D7%90%D7%A1%D7%AA%D7%98%D7%99%D7%A7%D7%94%20%D7%95%D7%A0%D7%99%D7%AA%D7%95%D7%97%D7%99%D7%9D%20%D7%A4%D7%9C%D7%A1%D7%98%D7%99%D7%99%D7%9D&query_place_id=ChIJ_7o7mT9mAhURL7Zn8X8uI-0
"m laser - מכון להסרת שיער בלייזר סופרנו טיטניום, לגברים ע""י מטפל, לנשים ע""י מטפלת",שירות הסרת שיער בלייזר,+972 52-629-9441,http://m-laser.ingt-web.com/,חדרה,האירוס,,5,9,מכון להסרת שיער בלייזר,https://www.google.com/maps/search/?api=1&query=m%20laser%20-%20%D7%9E%D7%9B%D7%95%D7%9F%20%D7%9C%D7%94%D7%A1%D7%A8%D7%AA%20%D7%A9%D7%99%D7%A2%D7%A8%20%D7%91%D7%9C%D7%99%D7%99%D7%96%D7%A8%20%D7%A1%D7%95%D7%A4%D7%A8%D7%A0%D7%95%20%D7%98%D7%99%D7%98%D7%A0%D7%99%D7%95%D7%9D%2C%20%D7%9C%D7%92%D7%91%D7%A8%D7%99%D7%9D%20%D7%A2%22%D7%99%20%D7%9E%D7%98%D7%A4%D7%9C%2C%20%D7%9C%D7%A0%D7%A9%D7%99%D7%9D%20%D7%A2%22%D7%99%20%D7%9E%D7%98%D7%A4%D7%9C%D7%AA&query_place_id=ChIJ1--4YJkTHRURVZ0TG5p-KgA
ארואד קליניק,סלון מניקור ופדיקור,,,מג'דל שמס,,1243800,5,2,קליניקת יופי,https://www.google.com/maps/search/?api=1&query=%D7%90%D7%A8%D7%95%D7%90%D7%93%20%D7%A7%D7%9C%D7%99%D7%A0%D7%99%D7%A7&query_place_id=ChIJRVsv3rW3HhUR9NVzu1fEA8Y
נטליה קליניקה לקוסמטיקה פרא רפואית וטיפולים משלימים,קליניקה לטיפוח העור,+972 52-528-4344,https://natalyacosmetics.co.il/,להבות הבשן,עסיקים,1212500,5,42,קליניקת יופי,https://www.google.com/maps/search/?api=1&query=%D7%A0%D7%98%D7%9C%D7%99%D7%94%20%D7%A7%D7%9C%D7%99%D7%A0%D7%99%D7%A7%D7%94%20%D7%9C%D7%A7%D7%95%D7%A1%D7%9E%D7%98%D7%99%D7%A7%D7%94%20%D7%A4%D7%A8%D7%90%20%D7%A8%D7%A4%D7%95%D7%90%D7%99%D7%AA%20%D7%95%D7%98%D7%99%D7%A4%D7%95%D7%9C%D7%99%D7%9D%20%D7%9E%D7%A9%D7%9C%D7%99%D7%9E%D7%99%D7%9D&query_place_id=ChIJ89Gn2t-jHhURvGDdLiwYOkY
דוריה מלכה - קוסמטיקה מתקדמת,קליניקה לטיפוח העור,+972 50-283-8808,,קרית שמונה,יעקב מלול 16,10200,5,15,קליניקת יופי,https://www.google.com/maps/search/?api=1&query=%D7%93%D7%95%D7%A8%D7%99%D7%94%20%D7%9E%D7%9C%D7%9B%D7%94%20-%20%D7%A7%D7%95%D7%A1%D7%9E%D7%98%D7%99%D7%A7%D7%94%20%D7%9E%D7%AA%D7%A7%D7%93%D7%9E%D7%AA&query_place_id=ChIJ59EbKQW9HhURhQ9Nsu9KUWk
אנט טיפול אחר - מרכז אסתטיקה פרא רפואי,מכון יופי,+972 50-277-1237,https://tipol-a.co.il/,שדה נחמיה,דרך הפארק 120,,4.9,88,קליניקת יופי,https://www.google.com/maps/search/?api=1&query=%D7%90%D7%A0%D7%98%20%D7%98%D7%99%D7%A4%D7%95%D7%9C%20%D7%90%D7%97%D7%A8%20-%20%D7%9E%D7%A8%D7%9B%D7%96%20%D7%90%D7%A1%D7%AA%D7%98%D7%99%D7%A7%D7%94%20%D7%A4%D7%A8%D7%90%20%D7%A8%D7%A4%D7%95%D7%90%D7%99&query_place_id=ChIJ39DbAs28HhURts_OaXMkt1c
ענת- מכון לקוסמטיקה ויופי,מכון יופי,,,קרית שמונה,עולי הגרדום 10,,5,10,מכון קוסמטיקה,https://www.google.com/maps/search/?api=1&query=%D7%A2%D7%A0%D7%AA-%20%D7%9E%D7%9B%D7%95%D7%9F%20%D7%9C%D7%A7%D7%95%D7%A1%D7%9E%D7%98%D7%99%D7%A7%D7%94%20%D7%95%D7%99%D7%95%D7%A4%D7%99&query_place_id=ChIJ6e_vSlW9HhURnjNUKyi7xG0
"ד""ר יעל הירש אסתטיקה",מכון יופי,+972 52-450-2111,,נהריה,המייסדים 48,,4.4,27,רפואה אסתטית,https://www.google.com/maps/search/?api=1&query=%D7%93%22%D7%A8%20%D7%99%D7%A2%D7%9C%20%D7%94%D7%99%D7%A8%D7%A9%20%D7%90%D7%A1%D7%AA%D7%98%D7%99%D7%A7%D7%94&query_place_id=ChIJe9jVKVHOHRURlHi3TP2O2uQ
אלין קליניקה להסרת שיער בלייזר בנהריה | טיפולי RF,שירות הסרת שיער בלייזר,+972 53-531-2352,,נהריה,דולב 13,2221255,5,10,מכון להסרת שיער בלייזר,https://www.google.com/maps/search/?api=1&query=%D7%90%D7%9C%D7%99%D7%9F%20%D7%A7%D7%9C%D7%99%D7%A0%D7%99%D7%A7%D7%94%20%D7%9C%D7%94%D7%A1%D7%A8%D7%AA%20%D7%A9%D7%99%D7%A2%D7%A8%20%D7%91%D7%9C%D7%99%D7%99%D7%96%D7%A8%20%D7%91%D7%A0%D7%94%D7%A8%D7%99%D7%94%20%7C%20%D7%98%D7%99%D7%A4%D7%95%D7%9C%D7%99%20RF&query_place_id=ChIJv2sSqUbPHRUR4FZyn9M_eJc
זוהרה לייזר,שירות הסרת שיער בלייזר,+972 53-725-2665,,קרית שמונה,נרקיס 8,1163605,,,מכון להסרת שיער בלייזר,https://www.google.com/maps/search/?api=1&query=%D7%96%D7%95%D7%94%D7%A8%D7%94%20%D7%9C%D7%99%D7%99%D7%96%D7%A8&query_place_id=ChIJueERXyi9HhURj42tu7Ss6B0
